id,name,image,public_day,subcategory_id
1,2018_1,noel/images/mylove/2018/2018_1.jpg,,1
2,2018_2,noel/images/mylove/2018/2018_2.jpg,,1
3,2018_3,noel/images/mylove/2018/2018_3.jpg,,1
4,2018_4,noel/images/mylove/2018/2018_4.jpg,,1
5,2019_1,noel/images/mylove/2019/2019_1.jpg,,2
6,2020_1,noel/images/mylove/2020/2020_1.jpg,,3
7,2021_1,noel/images/mylove/2021/2021_1.jpg,,4
8,2021_2,noel/images/mylove/2021/2021_2.jpg,,4
9,2021_3,noel/images/mylove/2021/2021_3.jpg,,4
10,2021_4,noel/images/mylove/2021/2021_4.jpg,,4
11,2021_5,noel/images/mylove/2021/2021_5.jpg,,4
12,2021_6,noel/images/mylove/2021/2021_6.jpg,,4
13,2022_1,noel/images/mylove/2022/2022_1.jpg,,5
14,2022_2,noel/images/mylove/2022/2022_2.jpg,,5
15,2023_1,noel/images/mylove/2023/2023_1.jpg,,6
16,2023_2,noel/images/mylove/2023/2023_2.jpg,,6
17,2023_3,noel/images/mylove/2023/2023_3.jpg,,6
18,2023_4,noel/images/mylove/2023/2023_4.jpg,,6
19,2023_5,noel/images/mylove/2023/2023_5.jpg,,6
20,2023_6,noel/images/mylove/2023/2023_6.jpg,,6
21,2023_7,noel/images/mylove/2023/2023_7.jpg,,6
22,2023_8,noel/images/mylove/2023/2023_8.jpg,,6
23,2023_9,noel/images/mylove/2023/2023_9.jpg,,6
24,2023_10,noel/images/mylove/2023/2023_10.jpg,,6
25,2023_11,noel/images/mylove/2023/2023_11.jpg,,6
26,2023_12,noel/images/mylove/2023/2023_12.jpg,,6
27,2023_13,noel/images/mylove/2023/2023_13.jpg,,6
28,2023_14,noel/images/mylove/2023/2023_14.jpg,,6
29,2023_15,noel/images/mylove/2023/2023_15.jpg,,6
30,2023_16,noel/images/mylove/2023/2023_16.jpg,,6
31,2023_17,noel/images/mylove/2023/2023_17.jpg,,6
32,2023_18,noel/images/mylove/2023/2023_18.jpg,,6
33,2023_19,noel/images/mylove/2023/2023_19.jpg,,6
34,2023_20,noel/images/mylove/2023/2023_20.jpg,,6
35,2023_21,noel/images/mylove/2023/2023_21.jpg,,6
36,2023_22,noel/images/mylove/2023/2023_22.jpg,,6
37,2023_23,noel/images/mylove/2023/2023_23.jpg,,6
38,2023_24,noel/images/mylove/2023/2023_24.jpg,,6
39,2023_25,noel/images/mylove/2023/2023_25.jpg,,6
